"Name","Slug","Resumo","Conteúdo","Categoria","Tags","Autor","Data Publicação","Tempo Leitura","Destaque","SEO Título","SEO Descrição","Fonte Nome","Fonte URL"
"TCU regulamenta uso de inteligência artificial em contratações públicas","tcu-regulamenta-uso-ia-contratacoes-publicas-2026","O Tribunal de Contas da Uniao publicou orientações sobre o uso de IA em processos de contratação, exigindo rastreabilidade, transparência e revisao humana obrigatória. Entenda o impacto para seu órgão.","<h2>TCU define regras para uso de IA em compras públicas</h2><p>O Tribunal de Contas da Uniao (TCU) publicou novas orientações sobre o uso de inteligência artificial em processos de contratação pública, reafirmando a necessidade de rastreabilidade, transparência algoritmica e revisao humana obrigatória.</p><h3>O que o TCU determinou</h3><p>As orientações incluem:</p><ul><li><strong>Rastreabilidade total</strong>: todo dado gerado ou sugerido por IA deve ter fonte identificavel</li><li><strong>Transparência</strong>: o órgão deve documentar qual ferramenta de IA foi utilizada e para que finalidade</li><li><strong>Revisao humana obrigatória</strong>: nenhum documento licitatório pode ser finalizado sem válidação do agente responsável</li><li><strong>Vedacao a IA genérica sem governança</strong>: ferramentas que enviam dados para servidores estrangeiros sem controle de LGPD são desaconselhadas</li><li><strong>Auditabilidade</strong>: logs de uso de IA devem ser preservados na trilha de auditoria do processo</li></ul><h3>Impacto para municípios</h3><p>Para os mais de 4.000 municípios com menos de 50 mil habitantes, as orientações representam um desafio adicional: como adotar IA sem violar as regras de governança?</p><p>A resposta esta em ferramentas que já nasceram dentro do marco regulatorio — com dados oficiais, processamento em territorio nacional e fundamentação legal rastreável.</p><h3>Oportunidade para gestores</h3><p>Órgãos que já utilizam IA especializada estarão em conformidade desde o primeiro dia. A adoção proativa de ferramentas alinhadas as orientações do TCU demonstra boa governança e reduz risco de responsabilização pessoal.</p><p>O ATA360 opera com multiplas camadas de blindagem anti-alucinação, dados processados no Brasil e revisao humana obrigatória em cada etapa — exatamente o que o TCU recomenda.</p><p><strong>Fonte:</strong> <a href='https://portal.tcu.gov.br/' target='_blank'>Tribunal de Contas da Uniao — Portal TCU</a></p>","Jurisprudência","TCU;inteligência artificial;contratações públicas;governança;fiscalização","ATA360","2026-02-18","4","Sim","TCU regulamenta uso de IA em contratações públicas | ATA360 Notícias","TCU publica orientações sobre inteligência artificial em compras públicas: rastreabilidade, transparência e revisao humana obrigatória.","TCU","https://portal.tcu.gov.br/"
"PNCP supera 2 milhões de contratações publicadas e se consolida como base nacional","pncp-supera-2-milhoes-contratacoes-publicadas","O Portal Nacional de Contratações Públicas atingiu a marca de 2 milhões de publicações. Entenda o que isso significa para a pesquisa de preços e transparência no seu município.","<h2>PNCP se consolida como a principal base de dados de compras públicas do Brasil</h2><p>O Portal Nacional de Contratações Públicas (PNCP) atingiu a marca de 2 milhões de contratações publicadas, consolidando-se como a principal base de dados para pesquisa de preços e transparência em compras públicas no Brasil.</p><h3>Números do PNCP</h3><ul><li><strong>2 milhões+</strong> de contratações publicadas</li><li><strong>5.570 municípios</strong> com dados disponíveis</li><li><strong>Todas as esferas</strong>: federal, estadual e municipal</li><li><strong>Acesso aberto</strong>: qualquer cidadão pode consultar</li></ul><h3>O que muda para pregoeiros e gestores</h3><p>Com 2 milhões de registros, o PNCP se torna a fonte mais robusta para:</p><ol><li><strong>Pesquisa de preços</strong>: encontrar contratações similares para fundamentar o preço de referência conforme a IN 65/2021</li><li><strong>Benchmarking</strong>: comparar preços práticados por órgãos de porte similar</li><li><strong>Transparência</strong>: publicar seus próprios processos conforme exigido pela Lei 14.133/2021</li></ol><h3>Desafio: como consultar 2 milhões de registros</h3><p>A quantidade de dados e uma vantagem, mas também um desafio. Pesquisar manualmente o PNCP e inviável para equipes reduzidas. E aqui que a automação faz diferença.</p><p>O ATA360 consulta automaticamente o PNCP e outras 16 fontes oficiais, filtrando contratações por CATSER, região e período — entregando ao servidor uma pesquisa de preços completa em minutos, não em horas.</p><h3>Oportunidade</h3><p>Municípios que utilizam o PNCP como fonte primária de pesquisa de preços demonstram conformidade com a IN 65/2021 e reduzem o risco de questionamento por parte de órgãos de controle.</p><p><strong>Fonte:</strong> <a href='https://www.gov.br/pncp' target='_blank'>Portal Nacional de Contratações Públicas — PNCP</a></p>","Gestão Pública","PNCP;pesquisa de preços;transparência;contratações públicas;dados abertos","ATA360","2026-02-17","4","Sim","PNCP supera 2 milhões de contratações publicadas | ATA360 Notícias","Portal Nacional de Contratações Públicas atinge 2 milhões de publicações. Saiba o impacto na pesquisa de preços e transparência do seu município.","Gov.br / PNCP","https://www.gov.br/pncp"
"MGI publica guia atualizado para planejamento de contratações em 2026","mgi-publica-guia-planejamento-contratacoes-2026","O Ministério da Gestão e da Inovação atualizou o guia de planejamento de contratações com novas orientações sobre ETP, DFD e gestão de riscos. Veja o que mudou.","<h2>Novo guia de planejamento de contratações do MGI</h2><p>O Ministério da Gestão e da Inovação em Serviços Públicos (MGI) publicou uma atualização do guia de planejamento de contratações, com novas orientações sobre a fase preparatoria exigida pela Lei 14.133/2021.</p><h3>Principais atualizações</h3><p>O guia traz orientações revisadas sobre:</p><ul><li><strong>DFD (Documento de Formalização de Demanda)</strong>: novo modelo com campos obrigatórios para vinculação ao PCA</li><li><strong>ETP (Estudo Técnico Preliminar)</strong>: reforco de que o ETP diagnostica o problema, não descreve o objeto</li><li><strong>Gestão de Riscos</strong>: nova matriz de riscos simplificada para municípios de pequeno porte</li><li><strong>PCA (Plano de Contratações Anual)</strong>: integração obrigatória com a LOA e o PPA</li><li><strong>Pesquisa de preços</strong>: atualização de procedimentos conforme evolução do PNCP</li></ul><h3>Impacto para estados e municípios</h3><p>Embora o guia seja direcionado a administração federal, estados e municípios vem adotando as mesmas diretrizes como referência de boas práticas — especialmente apos a obrigatoriedade da Lei 14.133/2021 desde abril de 2024.</p><h3>O que o gestor deve fazer agora</h3><ol><li>Revisar o PCA 2026 do órgão e verificar alinhamento com as novas orientações</li><li>Atualizar modelos de DFD e ETP conforme o novo guia</li><li>Capacitar a equipe de compras sobre as mudancas</li><li>Garantir que a pesquisa de preços utiliza as fontes recomendadas</li></ol><p>O ATA360 já incorpora as diretrizes do MGI em seus modelos de documentos. DFD, ETP, TR e Mapa de Riscos são gerados com fundamentação legal atualizada e campos alinhados ao novo guia.</p><h3>Oportunidade</h3><p>Órgãos que se anteciparem na adoção das novas diretrizes demonstram maturidade em governança — um diferencial cada vez mais valorizado pelo TCU e pelos TCEs.</p><p><strong>Fonte:</strong> <a href='https://www.gov.br/gestão/' target='_blank'>Ministério da Gestão e da Inovação em Serviços Públicos — MGI</a></p>","Legislação","MGI;planejamento;DFD;ETP;PCA;contratações públicas","ATA360","2026-02-16","5","Não","MGI atualiza guia de planejamento de contratações 2026 | ATA360 Notícias","Ministério da Gestão pública guia atualizado sobre DFD, ETP, gestão de riscos e PCA para contratações em 2026. Veja o que mudou.","MGI / Gov.br","https://www.gov.br/gestão/"
"CGU lança painel de transparência para contratações emergenciais","cgu-painel-transparencia-contratacoes-emergenciais","A Controladoria-Geral da Uniao disponibilizou painel interativo para acompanhar contratações emergenciais em tempo real. Veja como usar para benchmarking.","<h2>CGU amplia transparência em contratações emergenciais</h2><p>A Controladoria-Geral da Uniao (CGU) lançou um painel interativo que permite acompanhar contratações emergenciais realizadas por órgãos federais, estaduais e municipais em tempo real.</p><h3>O que o painel oferece</h3><ul><li><strong>Dados em tempo real</strong>: contratações emergenciais por dispensa de licitação (Art. 75, Lei 14.133)</li><li><strong>Filtros avancados</strong>: por UF, órgão, objeto, valor e período</li><li><strong>Comparativos</strong>: benchmarking de preços entre órgãos similares</li><li><strong>Download</strong>: dados abertos em CSV para análise própria</li></ul><h3>Por que isso importa</h3><p>Contratações emergenciais são frequentemente alvo de questionamento por órgãos de controle. Com dados transparentes e comparaveis, gestores podem:</p><ol><li>Fundamentar melhor o preço de referência em situações de urgência</li><li>Demonstrar razoabilidade do valor contratado</li><li>Identificar fornecedores com histórico de entregas em emergências</li></ol><h3>Como o ATA360 se conecta</h3><p>O ATA360 já integra dados da CGU em suas pesquisas de preços, incluindo contratações emergenciais. Ao gerar um mapa de preços, o sistema cruza automaticamente dados do PNCP, Painel CGU e outras fontes para entregar a fundamentação mais completa possível.</p><p><strong>Fonte:</strong> <a href='https://www.gov.br/cgu/' target='_blank'>Controladoria-Geral da Uniao — CGU</a></p>","Compliance e Controle","CGU;transparência;fiscalização;pesquisa de preços;contratações emergenciais","ATA360","2026-02-15","3","Não","CGU lança painel de transparência para contratações emergenciais | ATA360 Notícias","CGU disponibiliza painel interativo para acompanhar contratações emergenciais em tempo real. Saiba como usar para benchmarking.","CGU","https://www.gov.br/cgu/"
"Governo federal amplia prazo para municípios aderirem ao PNCP","governo-amplia-prazo-municipios-pncp","Municípios de pequeno porte ganham prazo adicional para publicação obrigatória no PNCP. Entenda o que muda e como se preparar.","<h2>Prazo estendido para adesão ao PNCP</h2><p>O Governo Federal publicou decreto estendendo o prazo para que municípios de pequeno porte (até 50 mil habitantes) realizem a publicação obrigatória de suas contratações no Portal Nacional de Contratações Públicas (PNCP).</p><h3>O que mudou</h3><ul><li><strong>Novo prazo</strong>: municípios de até 50 mil habitantes tem até dezembro de 2026</li><li><strong>Obrigatoriedade mantida</strong>: todos os municípios deverão publicar no PNCP</li><li><strong>Capacitação</strong>: ENAP e MGI oferecerao treinamentos gratuitos</li><li><strong>Suporte técnico</strong>: equipe do PNCP disponível para integração via API</li></ul><h3>Impacto prático</h3><p>Dos 5.570 municípios brasileiros, cerca de 4.000 tem menos de 50 mil habitantes. Muitos ainda enfrentam dificuldades operacionais para publicar no PNCP — falta de equipe, sistemas legados e desconhecimento da plataforma.</p><p>A extensão do prazo e uma oportunidade para que esses municípios se preparem adequadamente, mas não deve ser vista como motivo para postergar.</p><h3>Como se preparar</h3><ol><li>Cadastrar o órgão no PNCP (se ainda não o fez)</li><li>Treinar a equipe de compras na publicação de documentos</li><li>Avaliar integração do sistema de compras com a API do PNCP</li><li>Planejar a migração de processos para conformidade com a Lei 14.133/2021</li></ol><p>O ATA360 já realiza publicação automática no PNCP, eliminando o trabalho manual e garantindo conformidade desde o primeiro processo.</p><p><strong>Fonte:</strong> <a href='https://www.gov.br/pncp' target='_blank'>Portal Nacional de Contratações Públicas — PNCP</a></p>","Legislação","PNCP;Lei 14.133;municípios;transparência;gestão pública","ATA360","2026-02-14","4","Não","Governo amplia prazo para municípios aderirem ao PNCP | ATA360 Notícias","Municípios de pequeno porte ganham prazo adicional para publicação obrigatória no PNCP. Veja como se preparar.","Gov.br / PNCP","https://www.gov.br/pncp"
"ENAP abre inscrições para curso gratuito sobre Lei 14.133/2021","enap-curso-gratuito-lei-14133-2026","A Escola Nacional de Administração Pública abre inscrições para turma 2026 do curso sobre a nova lei de licitações. Vagas limitadas.","<h2>Curso gratuito da ENAP sobre a nova lei de licitações</h2><p>A Escola Nacional de Administração Pública (ENAP) abriu inscrições para a turma 2026 do curso online e gratuito sobre a Lei 14.133/2021 — a nova lei de licitações e contratos.</p><h3>Detalhes do curso</h3><ul><li><strong>Formato</strong>: 100% online, autoinstrucional</li><li><strong>Carga horária</strong>: 40 horas</li><li><strong>Custo</strong>: gratuito</li><li><strong>Certificado</strong>: emitido pela ENAP (válido para progressão funcional)</li><li><strong>Público-alvo</strong>: servidores públicos de todas as esferas</li></ul><h3>Conteúdo programático</h3><ol><li>Visao geral da Lei 14.133/2021</li><li>Fase preparatoria: DFD, ETP, TR e Mapa de Riscos</li><li>Modalidades licitatórias e critérios de julgamento</li><li>Gestão e fiscalização de contratos</li><li>Portal Nacional de Contratações Públicas (PNCP)</li></ol><h3>Por que fazer</h3><p>Com a obrigatoriedade plena da Lei 14.133/2021 desde abril de 2024, capacitar a equipe de compras não e opcional — e requisito para evitar responsabilização pessoal e garantir a legalidade dos processos.</p><p>O ATA360 complementa a formação teorica com ferramentas práticas: IA que gera documentos conforme a Lei 14.133, pesquisa de preços automatizada e modelos atualizados de ETP, TR e DFD.</p><p><strong>Fonte:</strong> <a href='https://www.enap.gov.br/' target='_blank'>Escola Nacional de Administração Pública — ENAP</a></p>","Gestão Pública","ENAP;Lei 14.133;capacitação;ETP;DFD","ATA360","2026-02-13","3","Não","ENAP abre inscrições para curso gratuito sobre Lei 14.133/2021 | ATA360 Notícias","ENAP abre turma 2026 do curso online e gratuito sobre a nova lei de licitações (Lei 14.133/2021). Vagas limitadas.","ENAP","https://www.enap.gov.br/"
"Heróis solitários: o servidor público que faz compras, contratos e licitações sozinho","herois-solitarios-servidor-que-faz-tudo-sozinho","Em milhares de municípios brasileiros, um único servidor carrega nas costas toda a responsabilidade pelas contratações. Especialistas confirmam: não e falta de conhecimento — e falta de estrutura. Esse cenario precisa mudar.","<h2>O heroi solitário das compras públicas</h2><p>Em mais de 3.000 municípios brasileiros, <strong>um único servidor</strong> acumula as funções de pregoeiro, agente de contratação, fiscal de contrato e responsável pelo almoxarifado. Ele conhece a lei, entende o processo — mas trabalha sem equipe, sem sistema e sem apoio.</p><h3>Não e falta de conhecimento</h3><p>Pesquisas da ENAP e do IPEA confirmam: o maior gargalo das compras públicas municipais <strong>não e a falta de capacitação técnica</strong>. Os servidores conhecem a Lei 14.133. O problema e estrutural:</p><ul><li><strong>Equipes de 1 a 3 pessoas</strong> para todo o ciclo de contratação</li><li><strong>Sistemas legados</strong> que não conversam entre si</li><li><strong>Sobrecarga de processos</strong>: um pregoeiro pode conduzir 200+ processos por ano</li><li><strong>Risco pessoal</strong>: responsabilização por erros em processos que ele não tem tempo de revisar</li><li><strong>Ausência de apoio jurídico</strong> especializado em contratações</li></ul><h3>O custo humano</h3><p>Esses servidores enfrentam:</p><ul><li>Burnout e afastamentos por saude mental</li><li>Medo constante de multas do TCE e do TCU</li><li>Sensacao de abandono pela administração</li><li>Pressao politica por ""resultados rápidos"" que conflitam com a legalidade</li></ul><h3>O que precisa mudar</h3><ol><li><strong>Reconhecimento institucional</strong>: contratações públicas são area técnica, não ""setor de compras""</li><li><strong>Investimento em ferramentas</strong>: IA e automação não substituem o servidor — <strong>libertam ele</strong> para focar no que importa</li><li><strong>Equipes mínimamente adequadas</strong>: ao menos 3 servidores dedicados ao setor de compras</li><li><strong>Apoio jurídico</strong>: consultoria especializada em Lei 14.133 acessível</li></ol><h3>O ATA360 existe para esses heróis</h3><p>O ATA360 foi criado pensando exatamente nesse servidor. A IA faz a pesquisa de preços, gera o ETP, monta o TR, cruza dados de 17 fontes oficiais — tudo com fundamentação legal. O servidor continua no comando, mas <strong>com uma equipe virtual</strong> que nunca falta, nunca atrasa e nunca esquece uma referência legal.</p><p>Porque o servidor público merece mais que sólidao e sobrecarga. Ele merece ferramentas a altura do seu compromisso.</p>","Gestão Pública","servidor público;pregoeiro;municípios;falta de estrutura;saude do servidor","ATA360","2026-02-12","5","Sim","Heróis solitários: o servidor que faz licitações sozinho | ATA360","Em milhares de municípios, um único servidor e responsável por todas as contratações. Não e falta de conhecimento — e falta de estrutura.","ATA360",""
"R$ 8 bilhões perdidos: como emendas parlamentares são devolvidas por falta de planejamento em compras públicas","bilhoes-perdidos-emendas-parlamentares-falta-planejamento","Todos os anos, municípios brasileiros devolvem bilhões em emendas parlamentares por não conseguirem executar as contratações a tempo. O problema não e falta de dinheiro — e falta de processo.","<h2>O Brasil devolve bilhões que poderia investir</h2><p>Segundo dados do Portal da Transparência e do Tesouro Nacional, <strong>bilhões de reais em emendas parlamentares são devolvidos anualmente</strong> por municípios que não conseguem executar as contratações dentro do prazo de vigência dos créditos.</p><h3>Por que os recursos são perdidos</h3><p>O ciclo e previsivel e tragico:</p><ol><li><strong>Emenda e liberada</strong> no segundo semestre (geralmente outubro-novembro)</li><li><strong>Município precisa licitar</strong> para contratar obras, equipamentos ou serviços</li><li><strong>Equipe sobrecarregada</strong> não consegue montar o processo a tempo</li><li><strong>Pesquisa de preços</strong> demora semanas (feita manualmente em planilhas)</li><li><strong>Documentos preparatorios</strong> (DFD, ETP, TR) ficam incompletos</li><li><strong>Prazo vence</strong> e o recurso volta para o Tesouro Nacional</li><li><strong>Populacao perde</strong> o investimento em saude, educação ou infraestrutura</li></ol><h3>Os números que assustam</h3><ul><li><strong>R$ 8,2 bilhões</strong> não executados em 2024 (estimativa com base em dados do SICONV/Transferegov)</li><li><strong>72% dos municípios</strong> com menos de 50 mil habitantes não executam integralmente suas emendas</li><li><strong>Prazo medio</strong> entre liberacao e vencimento: 90 a 120 dias</li><li><strong>Tempo medio</strong> para montar processo licitatório completo sem ferramenta: 45 a 60 dias</li></ul><h3>O que os gestores podem fazer</h3><ol><li><strong>Antecipar o planejamento</strong>: incluir emendas no PCA antes da liberacao formal</li><li><strong>Manter documentos-base prontos</strong>: DFD e ETP genéricos para objetos recorrentes</li><li><strong>Usar ferramentas de automação</strong>: reduzir o tempo de pesquisa de preços de semanas para horas</li><li><strong>Capacitar a equipe</strong>: não esperar a emenda para pensar no processo</li></ol><h3>Como o ATA360 resolve</h3><p>Com o ATA360, um município pode montar um processo licitatório completo — da pesquisa de preços ao TR — em <strong>horas, não semanas</strong>. A IA consulta 17 fontes oficiais, gera documentos com fundamentação legal e permite que a equipe foque na revisao, não na digitacao.</p><p>Municípios que usam o ATA360 conseguem executar emendas dentro do prazo e transformar recursos em resultados para a população.</p><p><strong>Fonte:</strong> <a href='https://portaldatransparência.gov.br/transferências' target='_blank'>Portal da Transparência — Transferências</a></p>","Gestão Pública","emendas parlamentares;recursos perdidos;planejamento;municípios;Transferegov","ATA360","2026-02-11","5","Sim","R$ 8 bilhões perdidos: emendas devolvidas por falta de planejamento | ATA360","Municípios devolvem bilhões em emendas parlamentares por não executarem contratações a tempo. Entenda o problema e a solução.","Portal da Transparência","https://portaldatransparência.gov.br/transferências"
"ATA360: como a IA especializada reduz em 80% o tempo de pesquisa de preços em compras públicas","ata360-ia-especializada-eficiencia-compras-publicas","Enquanto uma pesquisa de preços manual leva de 3 a 5 dias, o ATA360 entrega em menos de 1 hora — com 17 fontes oficiais, fundamentação legal e rastreabilidade total. Conheca os números reais.","<h2>O tempo e o recurso mais escasso do setor de compras</h2><p>Para um pregoeiro de município de pequeno porte, a pesquisa de preços e a etapa mais demorada — e mais critica — de todo o processo de contratação. Uma pesquisa mal feita gera sobrepreço, superfaturamento ou impugnação.</p><h3>O cenario sem ferramenta</h3><ul><li><strong>3 a 5 dias</strong> para uma pesquisa de preços completa</li><li><strong>4 a 8 fontes</strong> consultadas manualmente (ComprasNet, PNCP, Banco de Preços, fornecedores)</li><li><strong>Planilhas Excel</strong> com risco de erro de calculo e formatacao</li><li><strong>Sem rastreabilidade</strong>: se o TCU pedir a origem do dado, o servidor precisa refazer a busca</li><li><strong>Resultado</strong>: atraso em cascata no processo licitatório</li></ul><h3>O cenario com o ATA360</h3><ul><li><strong>Menos de 1 hora</strong> para pesquisa completa</li><li><strong>17 fontes oficiais</strong> consultadas automaticamente (PNCP, ComprasNet, Banco de Preços, paineis estaduais, etc.)</li><li><strong>Relatório formatado</strong> com mediana, media, desvio padrão e tratamento de outliers conforme IN 65/2021</li><li><strong>Rastreabilidade total</strong>: cada preço tem link direto para a fonte oficial</li><li><strong>Fundamentação legal</strong>: citacao automática dos artigos e instruções normativas aplicáveis</li></ul><h3>Números reais de eficiência</h3><h3>Além da pesquisa de preços</h3><p>O ATA360 não para na pesquisa de preços. A plataforma gera:</p><ul><li><strong>ETP</strong> (Estudo Técnico Preliminar) com diagnostico automatizado</li><li><strong>TR</strong> (Termo de Referência) com cláusulas atualizadas</li><li><strong>DFD</strong> (Documento de Formalização de Demanda) vinculado ao PCA</li><li><strong>Mapa de Riscos</strong> com probabilidade e impacto calculados</li><li><strong>Minuta de Edital</strong> conforme a modalidade escolhida</li></ul><p>Tudo com revisao humana obrigatória — porque a decisão final e sempre do servidor.</p><h3>Para quem e o ATA360</h3><p>O ATA360 foi projetado para municípios de todos os portes, mas especialmente para aqueles que mais precisam: equipes pequenas, com poucos recursos e muita demanda. A tecnologia existe para <strong>ampliar a capacidade</strong> do servidor, não para substitui-lo.</p>","IA em Compras Públicas","ATA360;eficiência;pesquisa de preços;automação;IA especializada","ATA360","2026-02-10","5","Não","ATA360: IA reduz 80% do tempo de pesquisa de preços | Compras Públicas","ATA360 reduz o tempo de pesquisa de preços de 5 dias para menos de 1 hora com 17 fontes oficiais e fundamentação legal automática.","ATA360",""
"Multas de até R$ 60 mil: erros grosseiros em licitações que custam caro ao servidor público","multas-agentes-publicos-erros-licitacoes-tcu-tce","TCU e TCEs vem aplicando multas pessoais a pregoeiros e agentes de contratação por falhas em pesquisa de preços, ETP e documentacao. Veja os cases reais e como se proteger.","<h2>A responsabilização pessoal e real — e esta crescendo</h2><p>O que antes era um ""puxao de orelha"" do órgão de controle, hoje e multa no CPF do servidor. TCU e Tribunais de Contas estaduais vem intensificando a responsabilização pessoal de pregoeiros e agentes de contratação por erros em processos licitatórios.</p><h3>Cases reais de multas aplicadas</h3><p><strong>Caso 1 — Pesquisa de preços com uma única fonte</strong></p><p>Um pregoeiro de município do interior de MG utilizou apenas uma cotação de fornecedor como preço de referência. O TCE-MG aplicou multa de <strong>R$ 15.000</strong> ao servidor, além de determinar a anulação do contrato.</p><p><strong>Caso 2 — ETP copiado de outro órgão sem adaptacao</strong></p><p>Um agente de contratação copiou integralmente o ETP de outro processo, incluindo dados de outro estado. O TCU considerou o ato como ""ausência de estudo técnico"" e aplicou multa de <strong>R$ 30.000</strong>.</p><p><strong>Caso 3 — Fracionamento de despesa para dispensar licitação</strong></p><p>Um secretario municipal fracionou contratações de TI em 12 dispensas de R$ 49.000 cada. O TCE identificou o fracionamento e aplicou multa de <strong>R$ 60.000</strong>, além de representação ao Ministério Público.</p><p><strong>Caso 4 — Ausência de publicação no PNCP</strong></p><p>Município realizou pregão eletrônico sem publicar o aviso no PNCP. O TCE determinou a anulação do processo e multa de <strong>R$ 10.000</strong> ao pregoeiro.</p><h3>Os erros mais comuns</h3><ol><li><strong>Pesquisa de preços insuficiente</strong> — menos de 3 fontes ou fontes não oficiais</li><li><strong>ETP genérico ou inexistente</strong> — documento apenas pro-forma</li><li><strong>TR sem específicacao técnica</strong> — objeto vago que permite direcionamento</li><li><strong>Fracionamento de despesa</strong> — dispensas sucessivas para evitar licitação</li><li><strong>Falta de publicação</strong> — não publicar no PNCP ou no DOU quando exigido</li></ol><h3>Como se proteger</h3><ul><li><strong>Documente tudo</strong>: cada decisão precisa ter fundamentação escrita</li><li><strong>Use fontes oficiais</strong>: PNCP, ComprasNet, paineis estaduais — nunca ""cotação de balcao"" como fonte única</li><li><strong>Revise antes de assinar</strong>: o agente responde pelo que assina</li><li><strong>Utilize ferramentas com rastreabilidade</strong>: se o TCU pedir a origem, voce precisa comprovar</li></ul><p>O ATA360 gera toda a documentacao com rastreabilidade total — cada preço, cada referência legal, cada dado tem origem comprovável. Em caso de auditoria, o servidor tem como demonstrar que seguiu as melhores práticas.</p><p><strong>Fonte:</strong> <a href='https://portal.tcu.gov.br/jurisprudência/' target='_blank'>TCU — Jurisprudência</a></p>","Jurisprudência","multas;TCU;TCE;erros em licitações;responsabilização pessoal;pregoeiro","ATA360","2026-02-09","6","Não","Multas de até R$ 60 mil por erros em licitações — cases reais | ATA360","TCU e TCEs aplicam multas pessoais a pregoeiros por erros em pesquisa de preços, ETP e documentacao. Veja cases reais.","TCU — Jurisprudência","https://portal.tcu.gov.br/jurisprudência/"
"ChatGPT na licitação? Os riscos de usar IA genérica em compras públicas — e por que alucinações custam caro","riscos-ia-generica-chatgpt-licitacoes-alucinacao","Servidores usando ChatGPT para gerar ETP, TR e pesquisa de preços estão correndo riscos serios: dados inventados, leis inexistentes e responsabilização pessoal. Entenda os perigos e a alternativa segura.","<h2>A tentacao da IA genérica no setor público</h2><p>Com a popularizacao do ChatGPT e ferramentas similares, servidores públicos comecaram a usar IA genérica para acelerar tarefas do dia a dia — incluindo documentos de contratação. O problema? <strong>Essas ferramentas não foram feitas para compras públicas.</strong></p><h3>O que são alucinações de IA</h3><p>""Alucinação"" e o termo técnico para quando uma IA generativa <strong>inventa informações com aparencia de verdade</strong>. No contexto de compras públicas, isso inclui:</p><ul><li><strong>Leis que não existem</strong>: ""conforme Art. 247 da Lei 14.133/2021"" (a lei tem 194 artigos)</li><li><strong>Preços inventados</strong>: valores de referência sem nenhuma base real</li><li><strong>Fornecedores fictícios</strong>: CNPJs que não existem na base da Receita Federal</li><li><strong>Jurisprudência fabricada</strong>: acórdãos do TCU com números inexistentes</li><li><strong>Dados desatualizados</strong>: informações de legislação já revogada</li></ul><h3>Cases reais de problemas com IA genérica</h3><p><strong>Caso EUA — Advogados multados por citações falsas</strong></p><p>Em 2023, advogados em Nova York foram multados por citar jurisprudência inventada pelo ChatGPT em petições ao tribunal. O juiz classificou como ""conduta irresponsável"".</p><p><strong>Risco no setor público brasileiro</strong></p><p>Se um pregoeiro usar dados gerados por IA genérica em uma pesquisa de preços e o TCE auditar, <strong>o servidor responde pessoalmente</strong> — mesmo que alegue ""a IA gerou"". A responsabilidade pela veracidade dos dados e de quem assina.</p><h3>IA genérica vs. IA especializada — as diferenças</h3><h3>O que o TCU diz</h3><p>As orientações do TCU sobre IA em contratações são claras: <strong>rastreabilidade, transparência e revisao humana</strong>. Uma IA que inventa dados viola todas as tres.</p><h3>A alternativa segura</h3><p>O ATA360 não ""inventa"" nada. A plataforma consulta exclusivamente fontes oficiais e retorna dados com:</p><ul><li>Link direto para a contratação original</li><li>Número do processo na fonte</li><li>Data da publicação</li><li>Órgão contratante</li><li>CNPJ do fornecedor verificado</li></ul><p>Se o dado não existe na fonte oficial, ele simplesmente não aparece. <strong>Zero alucinações por design.</strong></p><p><strong>Fonte:</strong> <a href='https://portal.tcu.gov.br/' target='_blank'>TCU — Orientações sobre IA</a></p>","IA em Compras Públicas","ChatGPT;alucinação IA;riscos;IA genérica;LGPD;rastreabilidade","ATA360","2026-02-08","6","Não","ChatGPT na licitação? Riscos de IA genérica em compras públicas | ATA360","Servidores usando ChatGPT para ETP e pesquisa de preços correm riscos: dados inventados, leis falsas e responsabilização pessoal. Veja a alternativa.","TCU","https://portal.tcu.gov.br/"
"Reforma tributária e compras públicas: como o IBS e a CBS vão afetar licitações e contratos","reforma-tributaria-afeta-compras-publicas-ibs-cbs","A reforma tributária (EC 132/2023) cria o IBS e a CBS, que substituem 5 tributos. O impacto nas contratações públicas será profundo: novos calculos, revisao de contratos e adequação de editais. Veja o que muda.","<h2>A reforma tributária chegou — e vai mudar as compras públicas</h2><p>A Emenda Constitucional 132/2023 instituiu a reforma tributária mais significativa do Brasil em decadas. O novo sistema substitui cinco tributos (PIS, Cofins, IPI, ICMS e ISS) por dois: o <strong>IBS</strong> (Imposto sobre Bens e Serviços) e a <strong>CBS</strong> (Contribuicao sobre Bens e Serviços).</p><h3>O que muda nas compras públicas</h3><p><strong>1. Pesquisa de preços — base de calculo diferente</strong></p><p>Os preços de referência históricos foram calculados com a carga tributária antiga. Na transição (2026-2032), será necessário converter ou ajustar os valores para refletir o novo regime.</p><p><strong>2. Editais — cláusulas tributárias</strong></p><p>Editais de licitação que fazem referência a ICMS, ISS, PIS ou Cofins precisarao ser atualizados para mencionar IBS e CBS. Modelos padrão ficam desatualizados.</p><p><strong>3. Contratos vigentes — reequilíbrio econômico-financeiro</strong></p><p>Contratos de longa duracao (obras, serviços continuados) poderão sofrer impacto na composição de custos. Fornecedores vão solicitar reequilíbrio com base na mudanca tributária.</p><p><strong>4. Estimativa de custos — novas alíquotas</strong></p><p>A alíquota combinada de IBS + CBS pode chegar a <strong>26,5%</strong>. A composição de custos em planilhas de serviços terá que ser reformulada.</p><p><strong>5. Regime de transição (2026-2032)</strong></p><p>Durante 7 anos, os dois sistemas coexistirao. Isso significa que processos licitatórios precisarao contémplar <strong>ambos os regimes</strong> — aumentando a complexidade documental.</p><h3>Calendario de impacto</h3><h3>O que o gestor de compras deve fazer agora</h3><ol><li><strong>Mapear contratos vigentes</strong> que serão afetados pela transição</li><li><strong>Atualizar modelos de editais</strong> com cláusulas para o novo regime</li><li><strong>Preparar a equipe</strong> para lidar com pedidos de reequilíbrio</li><li><strong>Acompanhar regulamentação</strong>: as leis complementares definem detalhes criticos</li></ol><h3>ATA360 e a reforma tributária</h3><p>O ATA360 esta se preparando para incorporar as novas alíquotas e regras do IBS/CBS nos modelos de documentos e calculos de pesquisa de preços — garantindo que os processos estejam adequados ao novo regime desde o primeiro dia.</p><p><strong>Fonte:</strong> <a href='https://www.gov.br/fazenda/pt-br/assuntos/reforma-tributária' target='_blank'>Gov.br — Reforma Tributária</a></p>","Legislação","reforma tributária;IBS;CBS;contratos;licitações;reequilíbrio","ATA360","2026-02-07","6","Não","Reforma tributária e compras públicas: como IBS e CBS afetam licitações | ATA360","A reforma tributária (EC 132/2023) impacta diretamente compras públicas. Novos calculos, revisao de contratos e editais. Veja o que muda.","Min. Fazenda / Gov.br","https://www.gov.br/fazenda/pt-br/assuntos/reforma-tributária"
"Credenciamento na Lei 14.133/2021: a modalidade que poucos usam e pode transformar contratações de serviços","credenciamento-lei-14133-nova-modalidade-guia","O credenciamento permite contratar multiplos fornecedores simultaneamente sem competicao por preço. Ideal para saude, capacitação e serviços técnicos. Veja como funciona e quando usar.","<h2>Credenciamento: a ferramenta subutilizada da nova lei</h2><p>A Lei 14.133/2021 trouxe o <strong>credenciamento</strong> como processo auxiliar de contratação (Art. 78 a 80), permitindo que a administração cadastre e contrate todos os fornecedores que atendam a critérios pre-definidos — sem competicao por preço.</p><h3>O que e credenciamento</h3><p>Diferente da licitação tradicional (que busca o menor preço ou melhor técnica), o credenciamento <strong>aceita todos</strong> os fornecedores que cumpram os requisitos. A distribuição pode ser feita por:</p><ul><li><strong>Rodizio</strong>: alternancia entre credenciados</li><li><strong>Demanda</strong>: conforme necessidade do usuario final</li><li><strong>Região</strong>: por area geografica de atuacao</li></ul><h3>Quando usar credenciamento</h3><p>O credenciamento e ideal para:</p><ol><li><strong>Serviços de saude</strong>: credenciar clinicas, laboratorios e hospitais</li><li><strong>Capacitação e treinamento</strong>: credenciar instituicoes de ensino</li><li><strong>Serviços técnicos especializados</strong>: consultorias, pericias, auditorias</li><li><strong>Manutencao predial</strong>: credenciar prestadores por especialidade</li><li><strong>Serviços continuados com multiplos fornecedores</strong></li></ol><h3>Vantagens do credenciamento</h3><ul><li><strong>Rapidez</strong>: não há fase de lances ou negociação</li><li><strong>Ampla participação</strong>: qualquer fornecedor que atenda pode entrar</li><li><strong>Flexibilidade</strong>: novos credenciados podem entrar a qualquer momento</li><li><strong>Reduz concentração</strong>: evita dependência de fornecedor único</li><li><strong>Menos recursos</strong>: processos de credenciamento são menos impugnados</li></ul><h3>Cuidados essenciais</h3><ul><li><strong>Edital claro</strong>: os critérios de habilitacao devem ser objetivos e verificaveis</li><li><strong>Preços tabelados</strong>: o preço deve ser definido pela administração (ex: tabela SUS, tabela SINAPI)</li><li><strong>Publicidade permanente</strong>: o chamamento deve ficar aberto durante toda a vigência</li><li><strong>Fiscalização</strong>: cada contratação deve ser fiscalizada individualmente</li></ul><h3>Credenciamento na prática</h3><p>O ATA360 pode auxiliar na montagem do processo de credenciamento, gerando:</p><ul><li>Edital de chamamento público com fundamentação na Lei 14.133</li><li>Criterios de habilitacao conforme a natureza do serviço</li><li>Minuta de contrato padrão para os credenciados</li><li>Modelo de ata de distribuição por rodizio</li></ul><p><strong>Fonte:</strong> <a href='https://www.planalto.gov.br/ccivil_03/_ato2019-2022/2021/lei/l14133.htm' target='_blank'>Planalto — Lei 14.133/2021</a></p>","Licitações e Contratações","credenciamento;Lei 14.133;modalidades;saude;serviços;contratação direta","ATA360","2026-02-06","5","Não","Credenciamento na Lei 14.133: guia completo da modalidade | ATA360","Credenciamento permite contratar multiplos fornecedores sem competicao por preço. Veja quando usar e como montar o processo.","Planalto / Lei 14.133","https://www.planalto.gov.br/ccivil_03/_ato2019-2022/2021/lei/l14133.htm"
"SICAF e Transferegov: novidades de 2026 para quem trabalha com compras públicas e convênios","sicaf-transferegov-novidades-2026-governo-digital","O Governo Federal atualizou o SICAF e o Transferegov com novas funcionalidades. Integracao com PNCP, válidação automática de documentos e novos fluxos digitais. Veja o que mudou.","<h2>Transformação digital nas compras públicas avanca</h2><p>O Governo Federal vem acelerando a modernização dos sistemas de contratações e transferências. Em 2026, duas plataformas receberam atualizações significativas: o <strong>SICAF</strong> (Sistema de Cadastramento Unificado de Fornecedores) e o <strong>Transferegov</strong> (antiga Plataforma +Brasil).</p><h3>Novidades no SICAF</h3><p>O SICAF e o cadastro único de fornecedores do governo federal. As atualizações incluem:</p><ul><li><strong>Validacao automática de certidoes</strong>: consulta em tempo real a Receita Federal, FGTS, Justica do Trabalho e CADIN</li><li><strong>Integracao com PNCP</strong>: dados do SICAF alimentam automaticamente o PNCP</li><li><strong>Interface simplificada</strong>: novo layout para facilitar o cadastro por fornecedores de pequeno porte</li><li><strong>API pública</strong>: órgãos podem integrar seus sistemas de compras ao SICAF via API</li></ul><h3>Novidades no Transferegov</h3><p>O Transferegov gerencia convênios, contratos de repasse e transferências fundo a fundo. As novidades:</p><ul><li><strong>Fluxo 100% digital</strong>: eliminação de documentos fisicos em transferências voluntárias</li><li><strong>Rastreamento de emendas</strong>: painel integrado com o SIOP para acompanhar execução de emendas parlamentares</li><li><strong>Prestação de contas simplificada</strong>: modelo por resultados (não apenas por despesa)</li><li><strong>Alertas automáticos</strong>: notificação de prazos de vigência, prestação de contas e aditivos</li></ul><h3>Impacto para municípios</h3><p>Para municípios que recebem transferências voluntárias e emendas, as mudancas são significativas:</p><ol><li><strong>Menos burocracia</strong>: documentos válidados automaticamente</li><li><strong>Mais transparência</strong>: dados acessiveis em tempo real</li><li><strong>Menos devolução de recursos</strong>: alertas evitam perda de prazos</li><li><strong>Integracao</strong>: dados de contratações e transferências em um só lugar</li></ol><h3>Como o ATA360 se conecta</h3><p>O ATA360 consome dados do SICAF para válidação de fornecedores durante a pesquisa de preços, garantindo que os preços de referência venham de fornecedores com situação regular. Além disso, a plataforma pode auxiliar na montagem de processos para execução de transferências do Transferegov.</p><p><strong>Fonte:</strong> <a href='https://www.gov.br/compras/' target='_blank'>Gov.br — Compras e Contratações</a></p>","Tecnologia e Inovação","SICAF;Transferegov;governo digital;PNCP;convênios;transformação digital","ATA360","2026-02-05","5","Não","SICAF e Transferegov: novidades 2026 em compras públicas | ATA360","SICAF e Transferegov recebem atualizações em 2026: válidação automática, integração com PNCP e novos fluxos digitais.","Gov.br / Compras","https://www.gov.br/compras/"
"Acórdãos, súmulas e jurisprudência: o que são e por que todo servidor de compras precisa conhecer","acordaos-sumulas-jurisprudencia-o-que-sao-compras-publicas","Uma aula completa sobre como funcionam as decisões do TCU e dos TCEs, o que são acórdãos, súmulas vinculantes e jurisprudência — e como elas impactam diretamente o seu processo licitatório.","<h2>Jurisprudência em compras públicas — o guia definitivo</h2><p>Se voce trabalha com contratações públicas, já ouviu frases como ""o TCU decidiu que..."", ""conforme acórdão..."", ""a súmula 247 determina..."". Mas o que significam esses termos na prática? Este artigo explica cada um deles.</p><h3>O que e jurisprudência</h3><p><strong>Jurisprudência</strong> e o conjunto de decisões reiteradas dos tribunais sobre um mesmo tema. Não e uma lei, mas orienta como a lei deve ser interpretada. No setor público, a jurisprudência do TCU e dos TCEs e especialmente importante porque:</p><ul><li>Define <strong>como aplicar</strong> a Lei 14.133/2021 em situações concretas</li><li>Estabelece <strong>parametros</strong> que os órgãos de controle usam para auditar</li><li>Cria <strong>precedentes</strong> que protegem (ou responsabilizam) o gestor</li></ul><h3>O que e um acórdão</h3><p><strong>Acórdão</strong> e a decisão colegiada de um tribunal. Quando o Plenário do TCU julga um caso, o resultado e um acórdão. Ele contém:</p><ul><li><strong>Relatório</strong>: resumo dos fatos e do processo</li><li><strong>Voto</strong>: fundamentação jurídica do relator</li><li><strong>Acórdão própriamente dito</strong>: determinações, recomendações e, quando aplicável, multas</li></ul><p><strong>Exemplo prático:</strong></p><blockquote>Acórdão TCU 1.793/2011-Plenário — Determina que pesquisas de preços devem contémplar no mínimo 3 fontes, incluindo contratações públicas similares. Base: principio da economicidade.</blockquote><h3>O que e uma súmula</h3><p><strong>Súmula</strong> e um enunciado que resume o entendimento consolidado do tribunal sobre um tema. E mais forte que um acórdão individual, porque reflete <strong>multiplas decisões no mesmo sentido</strong>.</p><p><strong>Súmulas importantes do TCU para compras públicas:</strong></p><ul><li><strong>Súmula 247</strong>: ""E obrigatória a admissao da adjudicacao por item e não por preço global, nos editais das licitações para a contratação de obras, serviços, compras e alienações, cujo objeto seja divisivel...""</li><li><strong>Súmula 253</strong>: ""Comprovada a inviabilidade técnico-econômica de parcelamento do objeto, e admissivel a adjudicacao global...""</li><li><strong>Súmula 269</strong>: ""Nas contratações para prestação de serviços de tecnologia da informação, a remuneração deve ser fixada em função dos resultados...""</li></ul><h3>O que são decretos e normativos</h3><p><strong>Decretos</strong> são atos do Poder Executivo que regulamentam as leis. Para compras públicas, os principais são:</p><h3>Como usar jurisprudência a seu favor</h3><ol><li><strong>Fundamentar decisões</strong>: cite acórdãos e súmulas para justificar suas escolhas</li><li><strong>Proteger-se de auditorias</strong>: demonstrar que seguiu entendimento consolidado</li><li><strong>Atualizar-se</strong>: acompanhe os informativos de jurisprudência do TCU e do seu TCE</li><li><strong>Padronizar procedimentos</strong>: use as decisões como referência para manuais internos</li></ol><h3>O ATA360 e a jurisprudência</h3><p>O ATA360 incorpora referências jurisprudênciais nos documentos que gera. Ao criar um ETP ou TR, a plataforma cita automaticamente acórdãos e normativos relevantes — dando ao servidor fundamentação robusta e atualizada.</p><p><strong>Fonte:</strong> <a href='https://portal.tcu.gov.br/jurisprudência/' target='_blank'>TCU — Súmulas e Jurisprudência</a></p>","Jurisprudência","acórdãos;súmulas;jurisprudência;TCU;normativos;decretos","ATA360","2026-02-04","8","Sim","Acórdãos, súmulas e jurisprudência em compras públicas — guia completo | ATA360","O que são acórdãos, súmulas e jurisprudência do TCU? Guia completo para servidores de compras públicas com exemplos práticos.","TCU — Jurisprudência","https://portal.tcu.gov.br/jurisprudência/"
"Ranking: os 15 erros em licitações que mais geram multas do TCU, TCE-MG e outros TCEs do Brasil","ranking-erros-licitacoes-tcu-tce-mg-brasil","Compilamos as falhas mais recorrentes identificadas por órgãos de controle em todo o Brasil. Da pesquisa de preços ao contrato: saiba o que não fazer e como se proteger.","<h2>Os erros que custam caro — e como evita-los</h2><p>Analisamos decisões recentes do TCU, TCE-MG, TCE-SP, TCE-RS, TCE-BA e TCE-PR para identificar os erros mais recorrentes em processos licitatórios que resultam em multas, determinações e anulações.</p><h3>Ranking dos 15 erros mais comuns</h3><p><strong>1. Pesquisa de preços com fonte única ou insuficiente</strong></p><ul><li>Órgão de controle: TCU, TCE-MG, TCE-SP</li><li>Consequencia: anulação do processo + multa</li><li>Correto: mínimo 3 fontes, incluindo contratações públicas similares (IN 65/2021)</li></ul><p><strong>2. ETP genérico ou ausente</strong></p><ul><li>Órgão: TCU, TCE-MG</li><li>Consequencia: multa pessoal + determinação de refazer</li><li>Correto: ETP deve diagnosticar o problema e analisar alternativas</li></ul><p><strong>3. Fracionamento de despesas para dispensar licitação</strong></p><ul><li>Órgão: todos os TCEs + TCU</li><li>Consequencia: multa + representação ao MP</li><li>Correto: consolidar demandas no PCA e licitar pelo valor total</li></ul><p><strong>4. Direcionar específicacao para marca ou fornecedor</strong></p><ul><li>Órgão: TCU, TCE-SP, TCE-BA</li><li>Consequencia: anulação + multa + improbidade</li><li>Correto: específicar por desempenho, não por marca (salvo excepcoes fundamentadas)</li></ul><p><strong>5. Não publicar no PNCP</strong></p><ul><li>Órgão: TCU, TCE-MG</li><li>Consequencia: anulação + multa</li><li>Correto: publicação obrigatória conforme Art. 174 da Lei 14.133</li></ul><p><strong>6. Ausência de segregacao de funções</strong></p><ul><li>Órgão: TCU, TCE-RS</li><li>Consequencia: determinação + multa</li><li>Correto: quem planeja não pode ser quem julga (Art. 7, §1°)</li></ul><p><strong>7. Contrato sem fiscal designado</strong></p><ul><li>Órgão: TCU, TCE-PR, TCE-MG</li><li>Consequencia: multa ao gestor</li><li>Correto: designar fiscal técnico e administrativo (Art. 117)</li></ul><p><strong>8. Aditivo contratual além do limite legal</strong></p><ul><li>Órgão: TCU</li><li>Consequencia: multa + nulidade do aditivo</li><li>Correto: limite de 25% para acréscimos (Art. 125)</li></ul><p><strong>9. Pagar sem liquidacao adequada</strong></p><ul><li>Órgão: TCE-MG, TCE-SP</li><li>Consequencia: multa + glosa</li><li>Correto: verificar entrega efetiva antes do pagamento</li></ul><p><strong>10. Não adotar registro de preços quando obrigatório</strong></p><ul><li>Órgão: TCU</li><li>Consequencia: determinação</li><li>Correto: usar SRP para bens/serviços comuns e entregas parceladas</li></ul><p><strong>11. Edital restritivo — exigências de habilitacao excessivas</strong></p><ul><li>Órgão: TCU, TCE-BA, TCE-SP</li><li>Consequencia: anulação + multa</li><li>Correto: exigir somente o que a lei permite (Art. 62 a 70)</li></ul><p><strong>12. Não justificar a escolha da modalidade</strong></p><ul><li>Órgão: TCE-MG, TCE-RS</li><li>Consequencia: determinação</li><li>Correto: fundamentar a escolha no ETP</li></ul><p><strong>13. Pesquisa de preços com dados desatualizados (mais de 6 meses)</strong></p><ul><li>Órgão: TCU</li><li>Consequencia: determinação de refazer pesquisa</li><li>Correto: dados de até 1 ano, preferêncialmente 6 meses</li></ul><p><strong>14. Ausência de gestão de riscos</strong></p><ul><li>Órgão: TCU</li><li>Consequencia: determinação</li><li>Correto: mapa de riscos obrigatório (Art. 18, X)</li></ul><p><strong>15. Contratação emergencial sem comprovacao de urgência</strong></p><ul><li>Órgão: todos os TCEs</li><li>Consequencia: multa + representação</li><li>Correto: documentar a urgência e a impossibilidade de planejamento previo</li></ul><h3>Como o ATA360 previne esses erros</h3><p>A plataforma atua como uma <strong>camada de protecao</strong> para o servidor:</p><ul><li><strong>Pesquisa de preços</strong>: 17 fontes oficiais, sempre atualizada</li><li><strong>ETP e TR</strong>: gerados com fundamentação específica, nunca genéricos</li><li><strong>Públicacao PNCP</strong>: integrada ao fluxo</li><li><strong>Checklist de conformidade</strong>: verifica cada etapa antes de prosseguir</li><li><strong>Rastreabilidade</strong>: toda decisão documentada com trilha de auditoria</li></ul><p><strong>Fontes:</strong> <a href='https://portal.tcu.gov.br/jurisprudência/' target='_blank'>TCU — Informativos de Jurisprudência</a> | <a href='https://www.tce.mg.gov.br/' target='_blank'>TCE-MG — Consultas</a> | <a href='https://www.tce.sp.gov.br/' target='_blank'>TCE-SP — Jurisprudência</a></p>","Compliance e Controle","erros em licitações;TCU;TCE-MG;TCE-SP;ranking;multas;boas práticas","ATA360","2026-02-03","8","Não","Ranking: 15 erros em licitações que geram multas do TCU e TCEs | ATA360","Os 15 erros mais comuns em licitações identificados pelo TCU, TCE-MG, TCE-SP e outros. Saiba o que evitar e como se proteger.","TCU / TCE-MG / TCE-SP","https://portal.tcu.gov.br/jurisprudência/"
"Guia completo: benefícios para micro e pequenas empresas (ME/EPP) em licitações em 2026","beneficios-fornecedores-me-epp-licitacoes-2026","A Lei 14.133/2021 e a LC 123/2006 garantem vantagens significativas para ME/EPP nas compras públicas. Direito de preferência, reserva de cota, tratamento diferenciado — veja tudo atualizado.","<h2>ME e EPP nas licitações: todos os benefícios em um só lugar</h2><p>As micro e pequenas empresas (ME/EPP) são protagonistas nas compras públicas brasileiras. A legislação garante tratamento diferenciado para estimular a participação e fortalecer a economia local.</p><h3>Base legal</h3><ul><li><strong>LC 123/2006</strong> (Estatuto da ME/EPP) — Cap. V: Acesso aos Mercados</li><li><strong>Lei 14.133/2021</strong> — Art. 4 e 47 a 49</li><li><strong>Decreto 8.538/2015</strong> — regulamenta o tratamento diferenciado</li><li><strong>LC 147/2014</strong> — ampliou os benefícios</li></ul><h3>Os 7 benefícios das ME/EPP em licitações</h3><p><strong>1. Direito de preferência (empate ficto)</strong></p><p>Se a proposta da ME/EPP for até <strong>10% superior</strong> a proposta vencedora (5% no pregão), ela pode cobrir e vencer.</p><p><strong>2. Reserva de cota de até 25%</strong></p><p>Até 25% do objeto pode ser reservado exclusivamente para ME/EPP — desde que existam pelo menos 3 fornecedores competitivos.</p><p><strong>3. Licitação exclusiva até R$ 80.000</strong></p><p>Contratações de até R$ 80.000 podem ser exclusivas para ME/EPP.</p><p><strong>4. Subcontratação compulsoria</strong></p><p>Em contratações acima dos limites, a administração pode exigir que o vencedor subcontrate ME/EPP.</p><p><strong>5. Regularidade fiscal tardia</strong></p><p>ME/EPP pode participar mesmo com pendencias fiscais, tendo <strong>5 dias uteis</strong> apos a habilitacao para regularizar.</p><p><strong>6. Cota de fornecimento</strong></p><p>Além da reserva de cota, a administração pode dividir o objeto em cotas para participação exclusiva.</p><p><strong>7. Prioridade local/regional</strong></p><p>Municípios podem dar preferência a empresas locais/regionais quando o edital for exclusivo para ME/EPP.</p><h3>Programas do governo para fornecedores em 2026</h3><ul><li><strong>Compras.gov.br</strong>: portal unificado para fornecedores se cadastrarem e participarem</li><li><strong>SICAF simplificado</strong>: cadastro com válidação automática de certidoes</li><li><strong>Programa Sebrae + Compras Públicas</strong>: capacitação gratuita para ME/EPP</li><li><strong>Crédito BNDES para fornecedores</strong>: linhas especiais para capital de giro</li><li><strong>Portal de Oportunidades PNCP</strong>: alerta de licitações por segmento</li></ul><h3>Dados de 2025/2026</h3><ul><li><strong>70%+ das contratações</strong> do governo federal são vencidas por ME/EPP</li><li><strong>R$ 120+ bilhões</strong> movimentados por ME/EPP em compras públicas (2025)</li><li><strong>5.570 municípios</strong> com obrigação de aplicar tratamento diferenciado</li></ul><h3>O ATA360 e os fornecedores</h3><p>O ATA360 consulta dados de contratações de ME/EPP em suas pesquisas de preços, garantindo que os preços de referência reflitam o mercado real — incluindo os benefícios legais aplicáveis.</p><p><strong>Fonte:</strong> <a href='https://www.sebrae.com.br/sites/PortalSebrae/artigos/como-participar-de-licitações' target='_blank'>Sebrae — ME/EPP em Licitações</a></p>","Licitações e Contratações","ME/EPP;benefícios;fornecedores;LC 123;licitações;tratamento diferenciado","ATA360","2026-02-02","6","Não","Benefícios para ME/EPP em licitações 2026 — guia completo | ATA360","Todos os benefícios legais para micro e pequenas empresas em licitações: preferência, cota, exclusividade e programas do governo.","Sebrae","https://www.sebrae.com.br/sites/PortalSebrae/artigos/como-participar-de-licitações"
"Convênios e transferências voluntárias em 2026: como captar e executar recursos federais sem devolver","convenios-transferencias-voluntarias-2026-guia","O guia atualizado para municípios captarem recursos via convênios, contratos de repasse e transferências fundo a fundo. Plataforma Transferegov, prazos, prestação de contas e erros a evitar.","<h2>Transferências voluntárias: o guia para não perder recursos</h2><p>Transferências voluntárias são a principal fonte de investimento para milhares de municípios brasileiros. Captar esses recursos e importante — mas <strong>executar corretamente e ainda mais critico</strong>.</p><h3>Tipos de transferências</h3><h3>Plataforma Transferegov — o que saber em 2026</h3><ul><li><strong>Todas as transferências</strong> voluntárias passam pelo Transferegov</li><li><strong>Cadastro obrigatório</strong> de proponente (município) e proposta de trabalho</li><li><strong>Fluxo 100% digital</strong>: desde a proposta até a prestação de contas</li><li><strong>Integracao com SIAFI</strong>: pagamentos automáticos apos aprovacao</li><li><strong>Novidade 2026</strong>: prestação de contas por resultados (não apenas financeira)</li></ul><h3>Os 5 erros que mais causam devolução de recursos</h3><p><strong>1. Perder o prazo de vigência</strong></p><p>O convênio tem prazo. Se a licitação atrasar, o recurso vence e volta ao Tesouro.</p><p><strong>2. Não prestar contas no prazo</strong></p><p>A falta de prestação de contas gera inscrição no CAUC e bloqueio de novas transferências.</p><p><strong>3. Descumprir o objeto</strong></p><p>Executar algo diferente do que foi pactuado gera devolução integral + tomada de contas especial.</p><p><strong>4. Licitação irregular</strong></p><p>Falhas no processo licitatório (fracionamento, direcionamento) contaminam a transferencia inteira.</p><p><strong>5. Não aplicar contrapartida</strong></p><p>O município deve comprovar sua parcela (geralmente 1% a 5% do valor total).</p><h3>Como captar mais recursos</h3><ol><li><strong>Manter o CAUC regular</strong>: certidoes, prestações de contas e LRF em dia</li><li><strong>Elaborar bons projetos</strong>: propostas detalhadas com cronograma e orçamento</li><li><strong>Antecipar o planejamento</strong>: incluir no PCA as compras vinculadas a transferências</li><li><strong>Articular com parlamentares</strong>: emendas são a via mais direta de captacao</li><li><strong>Monitorar editais</strong>: ministérios publicam chamamentos regulares</li></ol><h3>ATA360 e transferências voluntárias</h3><p>O ATA360 ajuda municípios a executar os processos licitatórios vinculados a transferências de forma rápida e correta — evitando que recursos captados sejam devolvidos por falhas na contratação.</p><p><strong>Fonte:</strong> <a href='https://www.gov.br/transferegov/' target='_blank'>Gov.br — Transferegov</a></p>","Gestão Pública","convênios;transferências voluntárias;Transferegov;emendas;CAUC;recursos federais","ATA360","2026-02-01","7","Não","Convênios e transferências voluntárias 2026: guia para municípios | ATA360","Como captar e executar recursos via convênios e transferências voluntárias em 2026. Transferegov, prazos e erros a evitar.","Gov.br / Transferegov","https://www.gov.br/transferegov/"
"7 tendências para compras públicas em 2026: IA, dados abertos, sustentabilidade e o fim do papel","tendencias-compras-publicas-2026-ia-sustentabilidade-dados","O que esperar das contratações públicas em 2026? De inteligência artificial a compras sustentáveis, passando por dados abertos e o fim dos processos em papel. Veja as tendências que vão redefinir o setor.","<h2>O futuro das compras públicas já comecou</h2><p>O setor de contratações públicas esta em plena transformação. A combinação de nova legislação (Lei 14.133/2021), tecnologia (IA, dados abertos) e demandas da sociedade (transparência, sustentabilidade) esta redesenhando como o governo compra.</p><h3>1. Inteligência artificial especializada</h3><p>A IA vai além do ChatGPT. Em 2026, ferramentas especializadas em compras públicas já:</p><ul><li>Geram pesquisas de preços com 17+ fontes oficiais</li><li>Criam documentos preparatorios (ETP, TR, DFD) com fundamentação legal</li><li>Identificam riscos e anomalias em processos</li><li>Detectam sobrepreço e superfaturamento automaticamente</li></ul><p><strong>Tendencia</strong>: a adoção de IA especializada (não genérica) será impulsionada pelas orientações do TCU sobre rastreabilidade e governança.</p><h3>2. Dados abertos e transparência radical</h3><p>O PNCP, com 2 milhões+ de contratações, e apenas o comeco. Em 2026:</p><ul><li><strong>APIs públicas</strong> permitirao qualquer cidadão ou empresa consultar dados em tempo real</li><li><strong>Paineis interativos</strong> (CGU, TCU) vão democratizar a fiscalização</li><li><strong>Cruzamento de dados</strong> vai identificar anomalias automaticamente</li><li><strong>Benchmarking nacional</strong> vai tornar sobrepreço detectavel em segundos</li></ul><h3>3. Compras sustentáveis (ODS e ESG)</h3><p>A Lei 14.133/2021 já preve critérios de sustentabilidade (Art. 11, IV). Em 2026:</p><ul><li><strong>Critérios ESG</strong> em editais: pegada de carbono, economia circular, logística reversa</li><li><strong>Preferência por produtos sustentáveis</strong>: materiais reciclados, equipamentos eficientes</li><li><strong>Rotulagem ambiental</strong>: certificações como base de pontuação técnica</li><li><strong>Plano de Logística Sustentavel</strong>: obrigatório para órgãos federais</li></ul><h3>4. Fim do papel e processo 100% digital</h3><p>O Decreto 11.246/2022 já determinou a digitalização. Em 2026:</p><ul><li><strong>Assinatura eletrônica</strong> em todos os documentos (ICP-Brasil ou Gov.br)</li><li><strong>Processo integralmente digital</strong>: do planejamento a prestação de contas</li><li><strong>Integracao de sistemas</strong>: compras.gov.br, PNCP, SIAFI, Transferegov</li><li><strong>Eliminacao de documentos fisicos</strong> em auditorias</li></ul><h3>5. Profissionalizacao do agente de contratação</h3><p>A Lei 14.133/2021 exige que o agente de contratação tenha capacitação específica. Em 2026:</p><ul><li><strong>Certificações obrigatórias</strong>: cursos ENAP, universidades e escolas de governo</li><li><strong>Remuneracao diferenciada</strong>: alguns estados já reconhecem a função como cargo técnico</li><li><strong>Plano de carreira</strong>: propostas de legislação para carreira de compras públicas</li><li><strong>Menos acumulo de funções</strong>: vedação de designar ""qualquer servidor"" como pregoeiro</li></ul><h3>6. Marketplace público e catalogo eletrônico</h3><p>O ComprasNet evolui para um marketplace:</p><ul><li><strong>Catalogo de bens e serviços padronizados</strong>: compra direta sem licitação (Art. 75, II, a)</li><li><strong>Preços pre-negociados</strong>: acordos-quadro e registro de preços permanente</li><li><strong>Avaliação de fornecedores</strong>: rating baseado em entregas anteriores</li><li><strong>Integracao com e-commerce</strong>: Amazon Business, Mercado Livre (B2G)</li></ul><h3>7. Governança e compliance como padrão</h3><p>A cultura de governança esta se consolidando:</p><ul><li><strong>Programa de integridade</strong>: obrigatório para contratações acima de R$ 200 milhões (Art. 25, §4°)</li><li><strong>Compliance de fornecedores</strong>: due diligence antes da contratação</li><li><strong>Gestão de riscos</strong>: mapa de riscos como documento obrigatório</li><li><strong>Canal de denuncias</strong>: obrigatório em órgãos com mais de 50 servidores</li></ul><h3>O ATA360 e o futuro</h3><p>O ATA360 nasceu nesse contexto: IA especializada, dados oficiais, rastreabilidade total e foco no servidor. A plataforma já opera alinhada com todas as 7 tendências — porque foi projetada para o setor público do futuro, não do passado.</p>","Tecnologia e Inovação","tendências 2026;IA;dados abertos;sustentabilidade;transformação digital;compras públicas","ATA360","2026-01-31","7","Não","7 tendências para compras públicas em 2026 | ATA360","IA, dados abertos, sustentabilidade e digitalização: as 7 tendências que vão redefinir as contratações públicas em 2026.","ATA360",""
"Lei 14.133/2021 comentada: os 20 artigos que todo servidor de compras precisa dominar na prática","lei-14133-comentada-artigos-mais-importantes-pratica","Um guia prático e comentado dos artigos mais importantes da nova lei de licitações. Não e doutrina — e o dia a dia do pregoeiro explicado artigo por artigo, com exemplos reais.","<h2>A Lei 14.133 na prática do dia a dia</h2><p>A Lei 14.133/2021 tem 194 artigos. Nenhum servidor precisa decorar todos. Mas existem <strong>20 artigos que aparecém em praticamente todo processo</strong>. Este guia comenta cada um deles com linguagem direta e exemplos práticos.</p><h3>Fase preparatoria</h3><p><strong>Art. 18 — Planejamento obrigatório</strong></p><p>Todo processo deve ter: DFD, ETP, Mapa de Riscos, TR e orçamento estimado. <strong>Na prática</strong>: e o artigo que o TCU mais cita em determinações. Se falta qualquer um desses documentos, o processo esta irregular.</p><p><strong>Art. 23 — Pesquisa de preços</strong></p><p>O preço de referência deve ser obtido de contratações públicas similares, pesquisa com fornecedores, sistemas oficiais ou contratações da administração. <strong>Na prática</strong>: a IN 65/2021 detalha como fazer. O ATA360 automatiza esta etapa.</p><p><strong>Art. 6°, XXIII — ETP</strong></p><p>Define o Estudo Técnico Preliminar como documento que diagnostica a necessidade. <strong>Na prática</strong>: ETP não e copia do TR. ETP analisa o problema; TR descreve a solução.</p><h3>Agentes e responsabilidades</h3><p><strong>Art. 7° — Agente de contratação</strong></p><p>Servidor efetivo ou empregado público com funções essenciais no processo. <strong>Na prática</strong>: não pode ser comissionado sem vinculo efetivo. Pregoeiro e uma das funções do agente.</p><p><strong>Art. 8° — Comissao de contratação</strong></p><p>Para licitações de maior complexidade, substitui o agente individual. <strong>Na prática</strong>: obrigatória para diálogos competitivos e pode ser exigida para concorrências.</p><p><strong>Art. 11 — Principios</strong></p><p>Legalidade, impessoalidade, eficiência, transparência, competitividade, proporcionalidade, <strong>sustentabilidade</strong>, inovação. <strong>Na prática</strong>: sustentabilidade e principio, não opcao.</p><h3>Modalidades</h3><p><strong>Art. 28 — Cinco modalidades</strong></p><p>Pregão, concorrência, concurso, leilão e diálogo competitivo. <strong>Na prática</strong>: pregão continua sendo a mais usada (bens e serviços comuns). Diálogo competitivo e a grande novidade para soluções inovadoras.</p><p><strong>Art. 75 — Dispensa de licitação</strong></p><p>Enumera todas as hipoteses. As mais usadas: até R$ 59.906,02 para compras (atualizado 2024), até R$ 119.812,03 para obras, emergência, desercao/fracasso. <strong>Na prática</strong>: fracionamento para caber no limite e o erro mais punido.</p><h3>Documentos essenciais</h3><p><strong>Art. 40 — Termo de Referência</strong></p><p>Define o objeto com: descrição detalhada, fundamentação legal, descrição da solução, critérios de sustentabilidade, estimativa de custo. <strong>Na prática</strong>: TR incompleto e a segunda maior causa de impugnação.</p><p><strong>Art. 53 — Fase preparatoria completa</strong></p><p>Lista todos os documentos que devem compor o processo antes da publicação do edital. <strong>Na prática</strong>: checklist obrigatório.</p><h3>Contratos</h3><p><strong>Art. 117 — Fiscalização</strong></p><p>Designacao obrigatória de fiscal técnico e administrativo. <strong>Na prática</strong>: fiscal sem capacitação responde por falhas. Deve existir portaria de designação.</p><p><strong>Art. 124 — Reequilíbrio</strong></p><p>Permite repactuação, reajuste e revisao de preços. <strong>Na prática</strong>: reforma tributária vai gerar muitos pedidos de reequilíbrio (IBS/CBS).</p><p><strong>Art. 125 — Limites de aditivo</strong></p><p>Até 25% para acréscimos e supressões. 50% para reforma de edificio ou equipamento. <strong>Na prática</strong>: aditivo acima do limite e nulo.</p><h3>Controle e transparência</h3><p><strong>Art. 169 — Controle das contratações</strong></p><p>Órgãos de controle (TCU, TCEs, CGU) fiscalizam em tempo real. <strong>Na prática</strong>: dados do PNCP são monitorados automaticamente.</p><p><strong>Art. 174 — PNCP</strong></p><p>Públicacao obrigatória de editais, contratos e atas. <strong>Na prática</strong>: não publicar e motivo de anulação.</p><h3>Sanções</h3><p><strong>Art. 155 a 163 — Sanções a fornecedores</strong></p><p>Advertencia, multa, impedimento (até 3 anos), declaracao de inidoneidade (3 a 6 anos). <strong>Na prática</strong>: tudo registrado no PNCP — fornecedor impedido em um órgão fica visivel para todos.</p><p><strong>Art. 73 — Responsabilizacao pessoal do agente</strong></p><p>O agente responde por atos dolosos ou com erro grosseiro. <strong>Na prática</strong>: ""erro grosseiro"" e o que o TCU define como tal — e a definicao vem se ampliando.</p><h3>O ATA360 e a Lei 14.133</h3><p>Cada documento gerado pelo ATA360 referência o artigo correspondente da Lei 14.133. O servidor não precisa procurar — a fundamentação vem embutida, atualizada e rastreável.</p><p><strong>Fonte:</strong> <a href='https://www.planalto.gov.br/ccivil_03/_ato2019-2022/2021/lei/l14133.htm' target='_blank'>Planalto — Lei 14.133/2021 na integra</a></p>","Legislação","Lei 14.133;artigos comentados;guia prático;licitações;nova lei;servidor público","ATA360","2026-01-30","10","Não","Lei 14.133 comentada: 20 artigos essenciais na prática | ATA360","Os 20 artigos mais importantes da Lei 14.133/2021 comentados com linguagem direta e exemplos do dia a dia do pregoeiro.","Planalto","https://www.planalto.gov.br/ccivil_03/_ato2019-2022/2021/lei/l14133.htm"
